Title,Subjek,Kategori,Lokasi
Jasa Pemborong Bangunan Semarang,Jasa Pemborong,Bangunan,Semarang
Jasa Pemborong Bangunan Bogor,Jasa Pemborong,Bangunan,Bogor
Jasa Pemborong Bangunan Purwokerto,Jasa Pemborong,Bangunan,Purwokerto
Jasa Pemborong Bangunan Pekalongan,Jasa Pemborong,Bangunan,Pekalongan
Jasa Pemborong Rumah Semarang,Jasa Pemborong,Rumah,Semarang
Jasa Pemborong Rumah Bogor,Jasa Pemborong,Rumah,Bogor
Jasa Pemborong Rumah Purwokerto,Jasa Pemborong,Rumah,Purwokerto
Jasa Pemborong Rumah Pekalongan,Jasa Pemborong,Rumah,Pekalongan
Jasa Pemborong Kantor Semarang,Jasa Pemborong,Kantor,Semarang
Jasa Pemborong Kantor Bogor,Jasa Pemborong,Kantor,Bogor
Jasa Pemborong Kantor Purwokerto,Jasa Pemborong,Kantor,Purwokerto
Jasa Pemborong Kantor Pekalongan,Jasa Pemborong,Kantor,Pekalongan
Jasa Pemborong Interior Semarang,Jasa Pemborong,Interior,Semarang
Jasa Pemborong Interior Bogor,Jasa Pemborong,Interior,Bogor
Jasa Pemborong Interior Purwokerto,Jasa Pemborong,Interior,Purwokerto
Jasa Pemborong Interior Pekalongan,Jasa Pemborong,Interior,Pekalongan
Jasa Pemborong Kitchen Set Semarang,Jasa Pemborong,Kitchen Set,Semarang
Jasa Pemborong Kitchen Set Bogor,Jasa Pemborong,Kitchen Set,Bogor
Jasa Pemborong Kitchen Set Purwokerto,Jasa Pemborong,Kitchen Set,Purwokerto
Jasa Pemborong Kitchen Set Pekalongan,Jasa Pemborong,Kitchen Set,Pekalongan
Jasa Pemborong Ruko Semarang,Jasa Pemborong,Ruko,Semarang
Jasa Pemborong Ruko Bogor,Jasa Pemborong,Ruko,Bogor
Jasa Pemborong Ruko Purwokerto,Jasa Pemborong,Ruko,Purwokerto
Jasa Pemborong Ruko Pekalongan,Jasa Pemborong,Ruko,Pekalongan
Jasa Pemborong Flat Apartemen Semarang,Jasa Pemborong,Flat Apartemen,Semarang
Jasa Pemborong Flat Apartemen Bogor,Jasa Pemborong,Flat Apartemen,Bogor
Jasa Pemborong Flat Apartemen Purwokerto,Jasa Pemborong,Flat Apartemen,Purwokerto
Jasa Pemborong Flat Apartemen Pekalongan,Jasa Pemborong,Flat Apartemen,Pekalongan
Jasa Pemborong Kos-kosan Semarang,Jasa Pemborong,Kos-kosan,Semarang
Jasa Pemborong Kos-kosan Bogor,Jasa Pemborong,Kos-kosan,Bogor
Jasa Pemborong Kos-kosan Purwokerto,Jasa Pemborong,Kos-kosan,Purwokerto
Jasa Pemborong Kos-kosan Pekalongan,Jasa Pemborong,Kos-kosan,Pekalongan
Jasa Pemborong Kafe Restoran Semarang,Jasa Pemborong,Kafe Restoran,Semarang
Jasa Pemborong Kafe Restoran Bogor,Jasa Pemborong,Kafe Restoran,Bogor
Jasa Pemborong Kafe Restoran Purwokerto,Jasa Pemborong,Kafe Restoran,Purwokerto
Jasa Pemborong Kafe Restoran Pekalongan,Jasa Pemborong,Kafe Restoran,Pekalongan
Jasa Pemborong Furniture Semarang,Jasa Pemborong,Furniture,Semarang
Jasa Pemborong Furniture Bogor,Jasa Pemborong,Furniture,Bogor
Jasa Pemborong Furniture Purwokerto,Jasa Pemborong,Furniture,Purwokerto
Jasa Pemborong Furniture Pekalongan,Jasa Pemborong,Furniture,Pekalongan
Desain Arsitek Bangunan Semarang,Desain Arsitek,Bangunan,Semarang
Desain Arsitek Bangunan Bogor,Desain Arsitek,Bangunan,Bogor
Desain Arsitek Bangunan Purwokerto,Desain Arsitek,Bangunan,Purwokerto
Desain Arsitek Bangunan Pekalongan,Desain Arsitek,Bangunan,Pekalongan
Desain Arsitek Rumah Semarang,Desain Arsitek,Rumah,Semarang
Desain Arsitek Rumah Bogor,Desain Arsitek,Rumah,Bogor
Desain Arsitek Rumah Purwokerto,Desain Arsitek,Rumah,Purwokerto
Desain Arsitek Rumah Pekalongan,Desain Arsitek,Rumah,Pekalongan
Desain Arsitek Kantor Semarang,Desain Arsitek,Kantor,Semarang
Desain Arsitek Kantor Bogor,Desain Arsitek,Kantor,Bogor
Desain Arsitek Kantor Purwokerto,Desain Arsitek,Kantor,Purwokerto
Desain Arsitek Kantor Pekalongan,Desain Arsitek,Kantor,Pekalongan
Desain Arsitek Interior Semarang,Desain Arsitek,Interior,Semarang
Desain Arsitek Interior Bogor,Desain Arsitek,Interior,Bogor
Desain Arsitek Interior Purwokerto,Desain Arsitek,Interior,Purwokerto
Desain Arsitek Interior Pekalongan,Desain Arsitek,Interior,Pekalongan
Desain Arsitek Kitchen Set Semarang,Desain Arsitek,Kitchen Set,Semarang
Desain Arsitek Kitchen Set Bogor,Desain Arsitek,Kitchen Set,Bogor
Desain Arsitek Kitchen Set Purwokerto,Desain Arsitek,Kitchen Set,Purwokerto
Desain Arsitek Kitchen Set Pekalongan,Desain Arsitek,Kitchen Set,Pekalongan
Desain Arsitek Ruko Semarang,Desain Arsitek,Ruko,Semarang
Desain Arsitek Ruko Bogor,Desain Arsitek,Ruko,Bogor
Desain Arsitek Ruko Purwokerto,Desain Arsitek,Ruko,Purwokerto
Desain Arsitek Ruko Pekalongan,Desain Arsitek,Ruko,Pekalongan
Desain Arsitek Flat Apartemen Semarang,Desain Arsitek,Flat Apartemen,Semarang
Desain Arsitek Flat Apartemen Bogor,Desain Arsitek,Flat Apartemen,Bogor
Desain Arsitek Flat Apartemen Purwokerto,Desain Arsitek,Flat Apartemen,Purwokerto
Desain Arsitek Flat Apartemen Pekalongan,Desain Arsitek,Flat Apartemen,Pekalongan
Desain Arsitek Kos-kosan Semarang,Desain Arsitek,Kos-kosan,Semarang
Desain Arsitek Kos-kosan Bogor,Desain Arsitek,Kos-kosan,Bogor
Desain Arsitek Kos-kosan Purwokerto,Desain Arsitek,Kos-kosan,Purwokerto
Desain Arsitek Kos-kosan Pekalongan,Desain Arsitek,Kos-kosan,Pekalongan
Desain Arsitek Kafe Restoran Semarang,Desain Arsitek,Kafe Restoran,Semarang
Desain Arsitek Kafe Restoran Bogor,Desain Arsitek,Kafe Restoran,Bogor
Desain Arsitek Kafe Restoran Purwokerto,Desain Arsitek,Kafe Restoran,Purwokerto
Desain Arsitek Kafe Restoran Pekalongan,Desain Arsitek,Kafe Restoran,Pekalongan
Desain Arsitek Furniture Semarang,Desain Arsitek,Furniture,Semarang
Desain Arsitek Furniture Bogor,Desain Arsitek,Furniture,Bogor
Desain Arsitek Furniture Purwokerto,Desain Arsitek,Furniture,Purwokerto
Desain Arsitek Furniture Pekalongan,Desain Arsitek,Furniture,Pekalongan
Jasa Renovasi Bangunan Semarang,Jasa Renovasi,Bangunan,Semarang
Jasa Renovasi Bangunan Bogor,Jasa Renovasi,Bangunan,Bogor
Jasa Renovasi Bangunan Purwokerto,Jasa Renovasi,Bangunan,Purwokerto
Jasa Renovasi Bangunan Pekalongan,Jasa Renovasi,Bangunan,Pekalongan
Jasa Renovasi Rumah Semarang,Jasa Renovasi,Rumah,Semarang
Jasa Renovasi Rumah Bogor,Jasa Renovasi,Rumah,Bogor
Jasa Renovasi Rumah Purwokerto,Jasa Renovasi,Rumah,Purwokerto
Jasa Renovasi Rumah Pekalongan,Jasa Renovasi,Rumah,Pekalongan
Jasa Renovasi Kantor Semarang,Jasa Renovasi,Kantor,Semarang
Jasa Renovasi Kantor Bogor,Jasa Renovasi,Kantor,Bogor
Jasa Renovasi Kantor Purwokerto,Jasa Renovasi,Kantor,Purwokerto
Jasa Renovasi Kantor Pekalongan,Jasa Renovasi,Kantor,Pekalongan
Jasa Renovasi Interior Semarang,Jasa Renovasi,Interior,Semarang
Jasa Renovasi Interior Bogor,Jasa Renovasi,Interior,Bogor
Jasa Renovasi Interior Purwokerto,Jasa Renovasi,Interior,Purwokerto
Jasa Renovasi Interior Pekalongan,Jasa Renovasi,Interior,Pekalongan
Jasa Renovasi Kitchen Set Semarang,Jasa Renovasi,Kitchen Set,Semarang
Jasa Renovasi Kitchen Set Bogor,Jasa Renovasi,Kitchen Set,Bogor
Jasa Renovasi Kitchen Set Purwokerto,Jasa Renovasi,Kitchen Set,Purwokerto
Jasa Renovasi Kitchen Set Pekalongan,Jasa Renovasi,Kitchen Set,Pekalongan
Jasa Renovasi Ruko Semarang,Jasa Renovasi,Ruko,Semarang
Jasa Renovasi Ruko Bogor,Jasa Renovasi,Ruko,Bogor
Jasa Renovasi Ruko Purwokerto,Jasa Renovasi,Ruko,Purwokerto
Jasa Renovasi Ruko Pekalongan,Jasa Renovasi,Ruko,Pekalongan
Jasa Renovasi Flat Apartemen Semarang,Jasa Renovasi,Flat Apartemen,Semarang
Jasa Renovasi Flat Apartemen Bogor,Jasa Renovasi,Flat Apartemen,Bogor
Jasa Renovasi Flat Apartemen Purwokerto,Jasa Renovasi,Flat Apartemen,Purwokerto
Jasa Renovasi Flat Apartemen Pekalongan,Jasa Renovasi,Flat Apartemen,Pekalongan
Jasa Renovasi Kos-kosan Semarang,Jasa Renovasi,Kos-kosan,Semarang
Jasa Renovasi Kos-kosan Bogor,Jasa Renovasi,Kos-kosan,Bogor
Jasa Renovasi Kos-kosan Purwokerto,Jasa Renovasi,Kos-kosan,Purwokerto
Jasa Renovasi Kos-kosan Pekalongan,Jasa Renovasi,Kos-kosan,Pekalongan
Jasa Renovasi Kafe Restoran Semarang,Jasa Renovasi,Kafe Restoran,Semarang
Jasa Renovasi Kafe Restoran Bogor,Jasa Renovasi,Kafe Restoran,Bogor
Jasa Renovasi Kafe Restoran Purwokerto,Jasa Renovasi,Kafe Restoran,Purwokerto
Jasa Renovasi Kafe Restoran Pekalongan,Jasa Renovasi,Kafe Restoran,Pekalongan
Jasa Renovasi Furniture Semarang,Jasa Renovasi,Furniture,Semarang
Jasa Renovasi Furniture Bogor,Jasa Renovasi,Furniture,Bogor
Jasa Renovasi Furniture Purwokerto,Jasa Renovasi,Furniture,Purwokerto
Jasa Renovasi Furniture Pekalongan,Jasa Renovasi,Furniture,Pekalongan
