Title,Kategori,Lokasi
Bangunan Semarang ,Bangunan,Semarang
Bangunan Bogor ,Bangunan,Bogor
Bangunan Purwokerto ,Bangunan,Purwokerto
Bangunan Pekalongan ,Bangunan,Pekalongan
Bangunan Batang ,Bangunan,Batang
Rumah Semarang ,Rumah,Semarang
Rumah Bogor ,Rumah,Bogor
Rumah Purwokerto ,Rumah,Purwokerto
Rumah Pekalongan ,Rumah,Pekalongan
Rumah Batang ,Rumah,Batang
Kantor Semarang ,Kantor,Semarang
Kantor Bogor ,Kantor,Bogor
Kantor Purwokerto ,Kantor,Purwokerto
Kantor Pekalongan ,Kantor,Pekalongan
Kantor Batang ,Kantor,Batang
Interior Semarang ,Interior,Semarang
Interior Bogor ,Interior,Bogor
Interior Purwokerto ,Interior,Purwokerto
Interior Pekalongan ,Interior,Pekalongan
Interior Batang,Interior,Batang
Kitchen Set Semarang,Kitchen Set,Semarang
Kitchen Set Bogor,Kitchen Set,Bogor
Kitchen Set Purwokerto,Kitchen Set,Purwokerto
Kitchen Set Pekalongan,Kitchen Set,Pekalongan
Kitchen Set Batang,Kitchen Set,Batang
Ruko Semarang,Ruko,Semarang
Ruko Bogor,Ruko,Bogor
Ruko Purwokerto,Ruko,Purwokerto
Ruko Pekalongan,Ruko,Pekalongan
Ruko Batang,Ruko,Batang
Flat Apartemen Semarang,Flat Apartemen,Semarang
Flat Apartemen Bogor,Flat Apartemen,Bogor
Flat Apartemen Purwokerto,Flat Apartemen,Purwokerto
Flat Apartemen Pekalongan,Flat Apartemen,Pekalongan
Flat Apartemen Batang,Flat Apartemen,Batang
Kos-kosan Semarang,Kos-kosan,Semarang
Kos-kosan Bogor,Kos-kosan,Bogor
Kos-kosan Purwokerto,Kos-kosan,Purwokerto
Kos-kosan Pekalongan,Kos-kosan,Pekalongan
Kos-kosan Batang,Kos-kosan,Batang
Kafe Restoran Semarang,Kafe Restoran,Semarang
Kafe Restoran Bogor,Kafe Restoran,Bogor
Kafe Restoran Purwokerto,Kafe Restoran,Purwokerto
Kafe Restoran Pekalongan,Kafe Restoran,Pekalongan
Kafe Restoran Batang,Kafe Restoran,Batang
Furniture Semarang,Furniture,Semarang
Furniture Bogor,Furniture,Bogor
Furniture Purwokerto,Furniture,Purwokerto
Furniture Pekalongan,Furniture,Pekalongan
Furniture Batang,Furniture,Batang
