Title,Subjek,Kategori
Jasa Pemborong Bangunan,Jasa Pemborong,Bangunan
Jasa Pemborong Rumah,Jasa Pemborong,Rumah
Jasa Pemborong Kantor,Jasa Pemborong,Kantor
Jasa Pemborong Interior,Jasa Pemborong,Interior
Jasa Pemborong Kitchen Set,Jasa Pemborong,Kitchen Set
Jasa Pemborong Ruko,Jasa Pemborong,Ruko
Jasa Pemborong Flat Apartemen,Jasa Pemborong,Flat Apartemen
Jasa Pemborong Kos-kosan,Jasa Pemborong,Kos-kosan
Jasa Pemborong Kafe Restoran,Jasa Pemborong,Kafe Restoran
Jasa Pemborong Furniture,Jasa Pemborong,Furniture
Desain Arsitek Bangunan,Desain Arsitek,Bangunan
Desain Arsitek Rumah,Desain Arsitek,Rumah
Desain Arsitek Kantor,Desain Arsitek,Kantor
Desain Arsitek Interior,Desain Arsitek,Interior
Desain Arsitek Kitchen Set,Desain Arsitek,Kitchen Set
Desain Arsitek Ruko,Desain Arsitek,Ruko
Desain Arsitek Flat Apartemen,Desain Arsitek,Flat Apartemen
Desain Arsitek Kos-kosan,Desain Arsitek,Kos-kosan
Desain Arsitek Kafe Restoran,Desain Arsitek,Kafe Restoran
Desain Arsitek Furniture,Desain Arsitek,Furniture
Jasa Renovasi Bangunan,Jasa Renovasi,Bangunan
Jasa Renovasi Rumah,Jasa Renovasi,Rumah
Jasa Renovasi Kantor,Jasa Renovasi,Kantor
Jasa Renovasi Interior,Jasa Renovasi,Interior
Jasa Renovasi Kitchen Set,Jasa Renovasi,Kitchen Set
Jasa Renovasi Ruko,Jasa Renovasi,Ruko
Jasa Renovasi Flat Apartemen,Jasa Renovasi,Flat Apartemen
Jasa Renovasi Kos-kosan,Jasa Renovasi,Kos-kosan
Jasa Renovasi Kafe Restoran,Jasa Renovasi,Kafe Restoran
Jasa Renovasi Furniture,Jasa Renovasi,Furniture
