Title,Subjek,Lokasi
Jasa Pemborong Semarang,Jasa Pemborong,Semarang
Jasa Pemborong Bogor,Jasa Pemborong,Bogor
Jasa Pemborong Purwokerto,Jasa Pemborong,Purwokerto
Jasa Pemborong Pekalongan,Jasa Pemborong,Pekalongan
Jasa Pemborong Batang,Jasa Pemborong,Batang
Desain Arsitek Semarang,Desain Arsitek,Semarang
Desain Arsitek Bogor,Desain Arsitek,Bogor
Desain Arsitek Purwokerto,Desain Arsitek,Purwokerto
Desain Arsitek Pekalongan,Desain Arsitek,Pekalongan
Desain Arsitek Batang,Desain Arsitek,Batang
Jasa Renovasi Semarang,Jasa Renovasi,Semarang
Jasa Renovasi Bogor,Jasa Renovasi,Bogor
Jasa Renovasi Purwokerto,Jasa Renovasi,Purwokerto
Jasa Renovasi Pekalongan,Jasa Renovasi,Pekalongan
Jasa Renovasi Batang,Jasa Renovasi,Batang
