ID,Title,"Post Type",Subjeks,Kategoris,Lokasis,Slug
1,"Hello world!",post,,,,hello-world__trashed
28,"Jasa Pemborong Bangunan Semarang",post,"Jasa Pemborong",Bangunan,Semarang,jasa-pemborong-bangunan-semarang
205,"Jasa Pemborong Bangunan Bogor",post,"Jasa Pemborong",Bangunan,Bogor,jasa-pemborong-bangunan-bogor
206,"Jasa Pemborong Bangunan Purwokerto",post,"Jasa Pemborong",Bangunan,Purwokerto,jasa-pemborong-bangunan-purwokerto
207,"Jasa Pemborong Bangunan Pekalongan",post,"Jasa Pemborong",Bangunan,Pekalongan,jasa-pemborong-bangunan-pekalongan
208,"Jasa Pemborong Rumah Semarang",post,"Jasa Pemborong",Rumah,Semarang,jasa-pemborong-rumah-semarang
209,"Jasa Pemborong Rumah Bogor",post,"Jasa Pemborong",Rumah,Bogor,jasa-pemborong-rumah-bogor
210,"Jasa Pemborong Rumah Purwokerto",post,"Jasa Pemborong",Rumah,Purwokerto,jasa-pemborong-rumah-purwokerto
211,"Jasa Pemborong Rumah Pekalongan",post,"Jasa Pemborong",Rumah,Pekalongan,jasa-pemborong-rumah-pekalongan
212,"Jasa Pemborong Kantor Semarang",post,"Jasa Pemborong",Kantor,Semarang,jasa-pemborong-kantor-semarang
213,"Jasa Pemborong Kantor Bogor",post,"Jasa Pemborong",Kantor,Bogor,jasa-pemborong-kantor-bogor
214,"Jasa Pemborong Kantor Purwokerto",post,"Jasa Pemborong",Kantor,Purwokerto,jasa-pemborong-kantor-purwokerto
215,"Jasa Pemborong Kantor Pekalongan",post,"Jasa Pemborong",Kantor,Pekalongan,jasa-pemborong-kantor-pekalongan
216,"Jasa Pemborong Interior Semarang",post,"Jasa Pemborong",Interior,Semarang,jasa-pemborong-interior-semarang
217,"Jasa Pemborong Interior Bogor",post,"Jasa Pemborong",Interior,Bogor,jasa-pemborong-interior-bogor
218,"Jasa Pemborong Interior Purwokerto",post,"Jasa Pemborong",Interior,Purwokerto,jasa-pemborong-interior-purwokerto
219,"Jasa Pemborong Interior Pekalongan",post,"Jasa Pemborong",Interior,Pekalongan,jasa-pemborong-interior-pekalongan
220,"Jasa Pemborong Kitchen Set Semarang",post,"Jasa Pemborong","Kitchen Set",Semarang,jasa-pemborong-kitchen-set-semarang
221,"Jasa Pemborong Kitchen Set Bogor",post,"Jasa Pemborong","Kitchen Set",Bogor,jasa-pemborong-kitchen-set-bogor
222,"Jasa Pemborong Kitchen Set Purwokerto",post,"Jasa Pemborong","Kitchen Set",Purwokerto,jasa-pemborong-kitchen-set-purwokerto
223,"Jasa Pemborong Kitchen Set Pekalongan",post,"Jasa Pemborong","Kitchen Set",Pekalongan,jasa-pemborong-kitchen-set-pekalongan
224,"Jasa Pemborong Ruko Semarang",post,"Jasa Pemborong",Ruko,Semarang,jasa-pemborong-ruko-semarang
225,"Jasa Pemborong Ruko Bogor",post,"Jasa Pemborong",Ruko,Bogor,jasa-pemborong-ruko-bogor
226,"Jasa Pemborong Ruko Purwokerto",post,"Jasa Pemborong",Ruko,Purwokerto,jasa-pemborong-ruko-purwokerto
227,"Jasa Pemborong Ruko Pekalongan",post,"Jasa Pemborong",Ruko,Pekalongan,jasa-pemborong-ruko-pekalongan
228,"Jasa Pemborong Flat Apartemen Semarang",post,"Jasa Pemborong","Flat Apartemen",Semarang,jasa-pemborong-flat-apartemen-semarang
229,"Jasa Pemborong Flat Apartemen Bogor",post,"Jasa Pemborong","Flat Apartemen",Bogor,jasa-pemborong-flat-apartemen-bogor
230,"Jasa Pemborong Flat Apartemen Purwokerto",post,"Jasa Pemborong","Flat Apartemen",Purwokerto,jasa-pemborong-flat-apartemen-purwokerto
231,"Jasa Pemborong Flat Apartemen Pekalongan",post,"Jasa Pemborong","Flat Apartemen",Pekalongan,jasa-pemborong-flat-apartemen-pekalongan
232,"Jasa Pemborong Kos-kosan Semarang",post,"Jasa Pemborong",Kos-kosan,Semarang,jasa-pemborong-kos-kosan-semarang
233,"Jasa Pemborong Kos-kosan Bogor",post,"Jasa Pemborong",Kos-kosan,Bogor,jasa-pemborong-kos-kosan-bogor
234,"Jasa Pemborong Kos-kosan Purwokerto",post,"Jasa Pemborong",Kos-kosan,Purwokerto,jasa-pemborong-kos-kosan-purwokerto
235,"Jasa Pemborong Kos-kosan Pekalongan",post,"Jasa Pemborong",Kos-kosan,Pekalongan,jasa-pemborong-kos-kosan-pekalongan
236,"Jasa Pemborong Kafe Restoran Semarang",post,"Jasa Pemborong","Kafe Restoran",Semarang,jasa-pemborong-kafe-restoran-semarang
237,"Jasa Pemborong Kafe Restoran Bogor",post,"Jasa Pemborong","Kafe Restoran",Bogor,jasa-pemborong-kafe-restoran-bogor
238,"Jasa Pemborong Kafe Restoran Purwokerto",post,"Jasa Pemborong","Kafe Restoran",Purwokerto,jasa-pemborong-kafe-restoran-purwokerto
239,"Jasa Pemborong Kafe Restoran Pekalongan",post,"Jasa Pemborong","Kafe Restoran",Pekalongan,jasa-pemborong-kafe-restoran-pekalongan
240,"Jasa Pemborong Furniture Semarang",post,"Jasa Pemborong",Furniture,Semarang,jasa-pemborong-furniture-semarang
241,"Jasa Pemborong Furniture Bogor",post,"Jasa Pemborong",Furniture,Bogor,jasa-pemborong-furniture-bogor
242,"Jasa Pemborong Furniture Purwokerto",post,"Jasa Pemborong",Furniture,Purwokerto,jasa-pemborong-furniture-purwokerto
243,"Jasa Pemborong Furniture Pekalongan",post,"Jasa Pemborong",Furniture,Pekalongan,jasa-pemborong-furniture-pekalongan
244,"Desain Arsitek Bangunan Semarang",post,"Desain Arsitek",Bangunan,Semarang,desain-arsitek-bangunan-semarang
245,"Desain Arsitek Bangunan Bogor",post,"Desain Arsitek",Bangunan,Bogor,desain-arsitek-bangunan-bogor
246,"Desain Arsitek Bangunan Purwokerto",post,"Desain Arsitek",Bangunan,Purwokerto,desain-arsitek-bangunan-purwokerto
247,"Desain Arsitek Bangunan Pekalongan",post,"Desain Arsitek",Bangunan,Pekalongan,desain-arsitek-bangunan-pekalongan
248,"Desain Arsitek Rumah Semarang",post,"Desain Arsitek",Rumah,Semarang,desain-arsitek-rumah-semarang
249,"Desain Arsitek Rumah Bogor",post,"Desain Arsitek",Rumah,Bogor,desain-arsitek-rumah-bogor
250,"Desain Arsitek Rumah Purwokerto",post,"Desain Arsitek",Rumah,Purwokerto,desain-arsitek-rumah-purwokerto
251,"Desain Arsitek Rumah Pekalongan",post,"Desain Arsitek",Rumah,Pekalongan,desain-arsitek-rumah-pekalongan
252,"Desain Arsitek Kantor Semarang",post,"Desain Arsitek",Kantor,Semarang,desain-arsitek-kantor-semarang
253,"Desain Arsitek Kantor Bogor",post,"Desain Arsitek",Kantor,Bogor,desain-arsitek-kantor-bogor
254,"Desain Arsitek Kantor Purwokerto",post,"Desain Arsitek",Kantor,Purwokerto,desain-arsitek-kantor-purwokerto
255,"Desain Arsitek Kantor Pekalongan",post,"Desain Arsitek",Kantor,Pekalongan,desain-arsitek-kantor-pekalongan
256,"Desain Arsitek Interior Semarang",post,"Desain Arsitek",Interior,Semarang,desain-arsitek-interior-semarang
257,"Desain Arsitek Interior Bogor",post,"Desain Arsitek",Interior,Bogor,desain-arsitek-interior-bogor
258,"Desain Arsitek Interior Purwokerto",post,"Desain Arsitek",Interior,Purwokerto,desain-arsitek-interior-purwokerto
259,"Desain Arsitek Interior Pekalongan",post,"Desain Arsitek",Interior,Pekalongan,desain-arsitek-interior-pekalongan
260,"Desain Arsitek Kitchen Set Semarang",post,"Desain Arsitek","Kitchen Set",Semarang,desain-arsitek-kitchen-set-semarang
261,"Desain Arsitek Kitchen Set Bogor",post,"Desain Arsitek","Kitchen Set",Bogor,desain-arsitek-kitchen-set-bogor
262,"Desain Arsitek Kitchen Set Purwokerto",post,"Desain Arsitek","Kitchen Set",Purwokerto,desain-arsitek-kitchen-set-purwokerto
263,"Desain Arsitek Kitchen Set Pekalongan",post,"Desain Arsitek","Kitchen Set",Pekalongan,desain-arsitek-kitchen-set-pekalongan
264,"Desain Arsitek Ruko Semarang",post,"Desain Arsitek",Ruko,Semarang,desain-arsitek-ruko-semarang
265,"Desain Arsitek Ruko Bogor",post,"Desain Arsitek",Ruko,Bogor,desain-arsitek-ruko-bogor
266,"Desain Arsitek Ruko Purwokerto",post,"Desain Arsitek",Ruko,Purwokerto,desain-arsitek-ruko-purwokerto
267,"Desain Arsitek Ruko Pekalongan",post,"Desain Arsitek",Ruko,Pekalongan,desain-arsitek-ruko-pekalongan
268,"Desain Arsitek Flat Apartemen Semarang",post,"Desain Arsitek","Flat Apartemen",Semarang,desain-arsitek-flat-apartemen-semarang
269,"Desain Arsitek Flat Apartemen Bogor",post,"Desain Arsitek","Flat Apartemen",Bogor,desain-arsitek-flat-apartemen-bogor
270,"Desain Arsitek Flat Apartemen Purwokerto",post,"Desain Arsitek","Flat Apartemen",Purwokerto,desain-arsitek-flat-apartemen-purwokerto
271,"Desain Arsitek Flat Apartemen Pekalongan",post,"Desain Arsitek","Flat Apartemen",Pekalongan,desain-arsitek-flat-apartemen-pekalongan
272,"Desain Arsitek Kos-kosan Semarang",post,"Desain Arsitek",Kos-kosan,Semarang,desain-arsitek-kos-kosan-semarang
273,"Desain Arsitek Kos-kosan Bogor",post,"Desain Arsitek",Kos-kosan,Bogor,desain-arsitek-kos-kosan-bogor
274,"Desain Arsitek Kos-kosan Purwokerto",post,"Desain Arsitek",Kos-kosan,Purwokerto,desain-arsitek-kos-kosan-purwokerto
275,"Desain Arsitek Kos-kosan Pekalongan",post,"Desain Arsitek",Kos-kosan,Pekalongan,desain-arsitek-kos-kosan-pekalongan
276,"Desain Arsitek Kafe Restoran Semarang",post,"Desain Arsitek","Kafe Restoran",Semarang,desain-arsitek-kafe-restoran-semarang
277,"Desain Arsitek Kafe Restoran Bogor",post,"Desain Arsitek","Kafe Restoran",Bogor,desain-arsitek-kafe-restoran-bogor
278,"Desain Arsitek Kafe Restoran Purwokerto",post,"Desain Arsitek","Kafe Restoran",Purwokerto,desain-arsitek-kafe-restoran-purwokerto
279,"Desain Arsitek Kafe Restoran Pekalongan",post,"Desain Arsitek","Kafe Restoran",Pekalongan,desain-arsitek-kafe-restoran-pekalongan
280,"Desain Arsitek Furniture Semarang",post,"Desain Arsitek",Furniture,Semarang,desain-arsitek-furniture-semarang
281,"Desain Arsitek Furniture Bogor",post,"Desain Arsitek",Furniture,Bogor,desain-arsitek-furniture-bogor
282,"Desain Arsitek Furniture Purwokerto",post,"Desain Arsitek",Furniture,Purwokerto,desain-arsitek-furniture-purwokerto
283,"Desain Arsitek Furniture Pekalongan",post,"Desain Arsitek",Furniture,Pekalongan,desain-arsitek-furniture-pekalongan
284,"Jasa Renovasi Bangunan Semarang",post,"Jasa Renovasi",Bangunan,Semarang,jasa-renovasi-bangunan-semarang
285,"Jasa Renovasi Bangunan Bogor",post,"Jasa Renovasi",Bangunan,Bogor,jasa-renovasi-bangunan-bogor
286,"Jasa Renovasi Bangunan Purwokerto",post,"Jasa Renovasi",Bangunan,Purwokerto,jasa-renovasi-bangunan-purwokerto
287,"Jasa Renovasi Bangunan Pekalongan",post,"Jasa Renovasi",Bangunan,Pekalongan,jasa-renovasi-bangunan-pekalongan
288,"Jasa Renovasi Rumah Semarang",post,"Jasa Renovasi",Rumah,Semarang,jasa-renovasi-rumah-semarang
289,"Jasa Renovasi Rumah Bogor",post,"Jasa Renovasi",Rumah,Bogor,jasa-renovasi-rumah-bogor
290,"Jasa Renovasi Rumah Purwokerto",post,"Jasa Renovasi",Rumah,Purwokerto,jasa-renovasi-rumah-purwokerto
291,"Jasa Renovasi Rumah Pekalongan",post,"Jasa Renovasi",Rumah,Pekalongan,jasa-renovasi-rumah-pekalongan
292,"Jasa Renovasi Kantor Semarang",post,"Jasa Renovasi",Kantor,Semarang,jasa-renovasi-kantor-semarang
293,"Jasa Renovasi Kantor Bogor",post,"Jasa Renovasi",Kantor,Bogor,jasa-renovasi-kantor-bogor
294,"Jasa Renovasi Kantor Purwokerto",post,"Jasa Renovasi",Kantor,Purwokerto,jasa-renovasi-kantor-purwokerto
295,"Jasa Renovasi Kantor Pekalongan",post,"Jasa Renovasi",Kantor,Pekalongan,jasa-renovasi-kantor-pekalongan
296,"Jasa Renovasi Interior Semarang",post,"Jasa Renovasi",Interior,Semarang,jasa-renovasi-interior-semarang
297,"Jasa Renovasi Interior Bogor",post,"Jasa Renovasi",Interior,Bogor,jasa-renovasi-interior-bogor
298,"Jasa Renovasi Interior Purwokerto",post,"Jasa Renovasi",Interior,Purwokerto,jasa-renovasi-interior-purwokerto
299,"Jasa Renovasi Interior Pekalongan",post,"Jasa Renovasi",Interior,Pekalongan,jasa-renovasi-interior-pekalongan
300,"Jasa Renovasi Kitchen Set Semarang",post,"Jasa Renovasi","Kitchen Set",Semarang,jasa-renovasi-kitchen-set-semarang
301,"Jasa Renovasi Kitchen Set Bogor",post,"Jasa Renovasi","Kitchen Set",Bogor,jasa-renovasi-kitchen-set-bogor
302,"Jasa Renovasi Kitchen Set Purwokerto",post,"Jasa Renovasi","Kitchen Set",Purwokerto,jasa-renovasi-kitchen-set-purwokerto
303,"Jasa Renovasi Kitchen Set Pekalongan",post,"Jasa Renovasi","Kitchen Set",Pekalongan,jasa-renovasi-kitchen-set-pekalongan
304,"Jasa Renovasi Ruko Semarang",post,"Jasa Renovasi",Ruko,Semarang,jasa-renovasi-ruko-semarang
305,"Jasa Renovasi Ruko Bogor",post,"Jasa Renovasi",Ruko,Bogor,jasa-renovasi-ruko-bogor
306,"Jasa Renovasi Ruko Purwokerto",post,"Jasa Renovasi",Ruko,Purwokerto,jasa-renovasi-ruko-purwokerto
307,"Jasa Renovasi Ruko Pekalongan",post,"Jasa Renovasi",Ruko,Pekalongan,jasa-renovasi-ruko-pekalongan
308,"Jasa Renovasi Flat Apartemen Semarang",post,"Jasa Renovasi","Flat Apartemen",Semarang,jasa-renovasi-flat-apartemen-semarang
309,"Jasa Renovasi Flat Apartemen Bogor",post,"Jasa Renovasi","Flat Apartemen",Bogor,jasa-renovasi-flat-apartemen-bogor
310,"Jasa Renovasi Flat Apartemen Purwokerto",post,"Jasa Renovasi","Flat Apartemen",Purwokerto,jasa-renovasi-flat-apartemen-purwokerto
311,"Jasa Renovasi Flat Apartemen Pekalongan",post,"Jasa Renovasi","Flat Apartemen",Pekalongan,jasa-renovasi-flat-apartemen-pekalongan
312,"Jasa Renovasi Kos-kosan Semarang",post,"Jasa Renovasi",Kos-kosan,Semarang,jasa-renovasi-kos-kosan-semarang
313,"Jasa Renovasi Kos-kosan Bogor",post,"Jasa Renovasi",Kos-kosan,Bogor,jasa-renovasi-kos-kosan-bogor
314,"Jasa Renovasi Kos-kosan Purwokerto",post,"Jasa Renovasi",Kos-kosan,Purwokerto,jasa-renovasi-kos-kosan-purwokerto
315,"Jasa Renovasi Kos-kosan Pekalongan",post,"Jasa Renovasi",Kos-kosan,Pekalongan,jasa-renovasi-kos-kosan-pekalongan
316,"Jasa Renovasi Kafe Restoran Semarang",post,"Jasa Renovasi","Kafe Restoran",Semarang,jasa-renovasi-kafe-restoran-semarang
317,"Jasa Renovasi Kafe Restoran Bogor",post,"Jasa Renovasi","Kafe Restoran",Bogor,jasa-renovasi-kafe-restoran-bogor
318,"Jasa Renovasi Kafe Restoran Purwokerto",post,"Jasa Renovasi","Kafe Restoran",Purwokerto,jasa-renovasi-kafe-restoran-purwokerto
319,"Jasa Renovasi Kafe Restoran Pekalongan",post,"Jasa Renovasi","Kafe Restoran",Pekalongan,jasa-renovasi-kafe-restoran-pekalongan
320,"Jasa Renovasi Furniture Semarang",post,"Jasa Renovasi",Furniture,Semarang,jasa-renovasi-furniture-semarang
321,"Jasa Renovasi Furniture Bogor",post,"Jasa Renovasi",Furniture,Bogor,jasa-renovasi-furniture-bogor
322,"Jasa Renovasi Furniture Purwokerto",post,"Jasa Renovasi",Furniture,Purwokerto,jasa-renovasi-furniture-purwokerto
323,"Jasa Renovasi Furniture Pekalongan",post,"Jasa Renovasi",Furniture,Pekalongan,jasa-renovasi-furniture-pekalongan
336,"Jasa Pemborong Bangunan Batang",post,"Jasa Pemborong",Bangunan,Batang,jasa-pemborong-bangunan-batang
337,"Jasa Pemborong Rumah Batang",post,"Jasa Pemborong",Rumah,Batang,jasa-pemborong-rumah-batang
338,"Jasa Pemborong Kantor Batang",post,"Jasa Pemborong",Kantor,Batang,jasa-pemborong-kantor-batang
339,"Jasa Pemborong Interior Batang",post,"Jasa Pemborong",Interior,Batang,jasa-pemborong-interior-batang
340,"Jasa Pemborong Kitchen Set Batang",post,"Jasa Pemborong","Kitchen Set",Batang,jasa-pemborong-kitchen-set-batang
341,"Jasa Pemborong Ruko Batang",post,"Jasa Pemborong",Ruko,Batang,jasa-pemborong-ruko-batang
342,"Jasa Pemborong Flat Apartemen Batang",post,"Jasa Pemborong","Flat Apartemen",Batang,jasa-pemborong-flat-apartemen-batang
343,"Jasa Pemborong Kos-kosan Batang",post,"Jasa Pemborong",Kos-kosan,Batang,jasa-pemborong-kos-kosan-batang
344,"Jasa Pemborong Kafe Restoran Batang",post,"Jasa Pemborong","Kafe Restoran",Batang,jasa-pemborong-kafe-restoran-batang
345,"Jasa Pemborong Furniture Batang",post,"Jasa Pemborong",Furniture,Batang,jasa-pemborong-furniture-batang
346,"Desain Arsitek Bangunan Batang",post,"Desain Arsitek",Bangunan,Batang,desain-arsitek-bangunan-batang
347,"Desain Arsitek Rumah Batang",post,"Desain Arsitek",Rumah,Batang,desain-arsitek-rumah-batang
348,"Desain Arsitek Kantor Batang",post,"Desain Arsitek",Kantor,Batang,desain-arsitek-kantor-batang
349,"Desain Arsitek Interior Batang",post,"Desain Arsitek",Interior,Batang,desain-arsitek-interior-batang
350,"Desain Arsitek Kitchen Set Batang",post,"Desain Arsitek","Kitchen Set",Batang,desain-arsitek-kitchen-set-batang
351,"Desain Arsitek Ruko Batang",post,"Desain Arsitek",Ruko,Batang,desain-arsitek-ruko-batang
352,"Desain Arsitek Flat Apartemen Batang",post,"Desain Arsitek","Flat Apartemen",Batang,desain-arsitek-flat-apartemen-batang
353,"Desain Arsitek Kos-kosan Batang",post,"Desain Arsitek",Kos-kosan,Batang,desain-arsitek-kos-kosan-batang
354,"Desain Arsitek Kafe Restoran Batang",post,"Desain Arsitek","Kafe Restoran",Batang,desain-arsitek-kafe-restoran-batang
355,"Desain Arsitek Furniture Batang",post,"Desain Arsitek",Furniture,Batang,desain-arsitek-furniture-batang
356,"Jasa Renovasi Bangunan Batang",post,"Jasa Renovasi",Bangunan,Batang,jasa-renovasi-bangunan-batang
357,"Jasa Renovasi Rumah Batang",post,"Jasa Renovasi",Rumah,Batang,jasa-renovasi-rumah-batang
358,"Jasa Renovasi Kantor Batang",post,"Jasa Renovasi",Kantor,Batang,jasa-renovasi-kantor-batang
359,"Jasa Renovasi Interior Batang",post,"Jasa Renovasi",Interior,Batang,jasa-renovasi-interior-batang
360,"Jasa Renovasi Kitchen Set Batang",post,"Jasa Renovasi","Kitchen Set",Batang,jasa-renovasi-kitchen-set-batang
361,"Jasa Renovasi Ruko Batang",post,"Jasa Renovasi",Ruko,Batang,jasa-renovasi-ruko-batang
362,"Jasa Renovasi Flat Apartemen Batang",post,"Jasa Renovasi","Flat Apartemen",Batang,jasa-renovasi-flat-apartemen-batang
363,"Jasa Renovasi Kos-kosan Batang",post,"Jasa Renovasi",Kos-kosan,Batang,jasa-renovasi-kos-kosan-batang
364,"Jasa Renovasi Kafe Restoran Batang",post,"Jasa Renovasi","Kafe Restoran",Batang,jasa-renovasi-kafe-restoran-batang
365,"Jasa Renovasi Furniture Batang",post,"Jasa Renovasi",Furniture,Batang,jasa-renovasi-furniture-batang
368,"Jasa Pemborong Semarang",post,"Jasa Pemborong",,Semarang,jasa-pemborong-semarang
369,"Jasa Pemborong Bogor",post,"Jasa Pemborong",,Bogor,jasa-pemborong-bogor
370,"Jasa Pemborong Purwokerto",post,"Jasa Pemborong",,Purwokerto,jasa-pemborong-purwokerto
371,"Jasa Pemborong Pekalongan",post,"Jasa Pemborong",,Pekalongan,jasa-pemborong-pekalongan
372,"Jasa Pemborong Batang",post,"Jasa Pemborong",,Batang,jasa-pemborong-batang
373,"Desain Arsitek Semarang",post,"Desain Arsitek",,Semarang,desain-arsitek-semarang
374,"Desain Arsitek Bogor",post,"Desain Arsitek",,Bogor,desain-arsitek-bogor
375,"Desain Arsitek Purwokerto",post,"Desain Arsitek",,Purwokerto,desain-arsitek-purwokerto
376,"Desain Arsitek Pekalongan",post,"Desain Arsitek",,Pekalongan,desain-arsitek-pekalongan
377,"Desain Arsitek Batang",post,"Desain Arsitek",,Batang,desain-arsitek-batang
378,"Jasa Renovasi Semarang",post,"Jasa Renovasi",,Semarang,jasa-renovasi-semarang
379,"Jasa Renovasi Bogor",post,"Jasa Renovasi",,Bogor,jasa-renovasi-bogor
380,"Jasa Renovasi Purwokerto",post,"Jasa Renovasi",,Purwokerto,jasa-renovasi-purwokerto
381,"Jasa Renovasi Pekalongan",post,"Jasa Renovasi",,Pekalongan,jasa-renovasi-pekalongan
382,"Jasa Renovasi Batang",post,"Jasa Renovasi",,Batang,jasa-renovasi-batang
383,"Jasa Pemborong Bangunan",post,"Jasa Pemborong",Bangunan,,jasa-pemborong-bangunan
384,"Jasa Pemborong Rumah",post,"Jasa Pemborong",Rumah,,jasa-pemborong-rumah
385,"Jasa Pemborong Kantor",post,"Jasa Pemborong",Kantor,,jasa-pemborong-kantor
386,"Jasa Pemborong Interior",post,"Jasa Pemborong",Interior,,jasa-pemborong-interior
387,"Jasa Pemborong Kitchen Set",post,"Jasa Pemborong","Kitchen Set",,jasa-pemborong-kitchen-set
388,"Jasa Pemborong Ruko",post,"Jasa Pemborong",Ruko,,jasa-pemborong-ruko
389,"Jasa Pemborong Flat Apartemen",post,"Jasa Pemborong","Flat Apartemen",,jasa-pemborong-flat-apartemen
390,"Jasa Pemborong Kos-kosan",post,"Jasa Pemborong",Kos-kosan,,jasa-pemborong-kos-kosan
391,"Jasa Pemborong Kafe Restoran",post,"Jasa Pemborong","Kafe Restoran",,jasa-pemborong-kafe-restoran
392,"Jasa Pemborong Furniture",post,"Jasa Pemborong",Furniture,,jasa-pemborong-furniture
393,"Desain Arsitek Bangunan",post,"Desain Arsitek",Bangunan,,desain-arsitek-bangunan
394,"Desain Arsitek Rumah",post,"Desain Arsitek",Rumah,,desain-arsitek-rumah
395,"Desain Arsitek Kantor",post,"Desain Arsitek",Kantor,,desain-arsitek-kantor
396,"Desain Arsitek Interior",post,"Desain Arsitek",Interior,,desain-arsitek-interior
397,"Desain Arsitek Kitchen Set",post,"Desain Arsitek","Kitchen Set",,desain-arsitek-kitchen-set
398,"Desain Arsitek Ruko",post,"Desain Arsitek",Ruko,,desain-arsitek-ruko
399,"Desain Arsitek Flat Apartemen",post,"Desain Arsitek","Flat Apartemen",,desain-arsitek-flat-apartemen
400,"Desain Arsitek Kos-kosan",post,"Desain Arsitek",Kos-kosan,,desain-arsitek-kos-kosan
401,"Desain Arsitek Kafe Restoran",post,"Desain Arsitek","Kafe Restoran",,desain-arsitek-kafe-restoran
402,"Desain Arsitek Furniture",post,"Desain Arsitek",Furniture,,desain-arsitek-furniture
403,"Jasa Renovasi Bangunan",post,"Jasa Renovasi",Bangunan,,jasa-renovasi-bangunan
404,"Jasa Renovasi Rumah",post,"Jasa Renovasi",Rumah,,jasa-renovasi-rumah
405,"Jasa Renovasi Kantor",post,"Jasa Renovasi",Kantor,,jasa-renovasi-kantor
406,"Jasa Renovasi Interior",post,"Jasa Renovasi",Interior,,jasa-renovasi-interior
407,"Jasa Renovasi Kitchen Set",post,"Jasa Renovasi","Kitchen Set",,jasa-renovasi-kitchen-set
408,"Jasa Renovasi Ruko",post,"Jasa Renovasi",Ruko,,jasa-renovasi-ruko
409,"Jasa Renovasi Flat Apartemen",post,"Jasa Renovasi","Flat Apartemen",,jasa-renovasi-flat-apartemen
410,"Jasa Renovasi Kos-kosan",post,"Jasa Renovasi",Kos-kosan,,jasa-renovasi-kos-kosan
411,"Jasa Renovasi Kafe Restoran",post,"Jasa Renovasi","Kafe Restoran",,jasa-renovasi-kafe-restoran
412,"Jasa Renovasi Furniture",post,"Jasa Renovasi",Furniture,,jasa-renovasi-furniture
413,"Bangunan Semarang",post,,Bangunan,Semarang,bangunan-semarang
414,"Bangunan Bogor",post,,Bangunan,Bogor,bangunan-bogor
415,"Bangunan Purwokerto",post,,Bangunan,Purwokerto,bangunan-purwokerto
416,"Bangunan Pekalongan",post,,Bangunan,Pekalongan,bangunan-pekalongan
417,"Bangunan Batang",post,,Bangunan,Batang,bangunan-batang
418,"Rumah Semarang",post,,Rumah,Semarang,rumah-semarang
419,"Rumah Bogor",post,,Rumah,Bogor,rumah-bogor
420,"Rumah Purwokerto",post,,Rumah,Purwokerto,rumah-purwokerto
421,"Rumah Pekalongan",post,,Rumah,Pekalongan,rumah-pekalongan
422,"Rumah Batang",post,,Rumah,Batang,rumah-batang
423,"Kantor Semarang",post,,Kantor,Semarang,kantor-semarang
424,"Kantor Bogor",post,,Kantor,Bogor,kantor-bogor
425,"Kantor Purwokerto",post,,Kantor,Purwokerto,kantor-purwokerto
426,"Kantor Pekalongan",post,,Kantor,Pekalongan,kantor-pekalongan
427,"Kantor Batang",post,,Kantor,Batang,kantor-batang
428,"Interior Semarang",post,,Interior,Semarang,interior-semarang
429,"Interior Bogor",post,,Interior,Bogor,interior-bogor
430,"Interior Purwokerto",post,,Interior,Purwokerto,interior-purwokerto
431,"Interior Pekalongan",post,,Interior,Pekalongan,interior-pekalongan
432,"Interior Batang",post,,Interior,Batang,interior-batang
433,"Kitchen Set Semarang",post,,"Kitchen Set",Semarang,kitchen-set-semarang
434,"Kitchen Set Bogor",post,,"Kitchen Set",Bogor,kitchen-set-bogor
435,"Kitchen Set Purwokerto",post,,"Kitchen Set",Purwokerto,kitchen-set-purwokerto
436,"Kitchen Set Pekalongan",post,,"Kitchen Set",Pekalongan,kitchen-set-pekalongan
437,"Kitchen Set Batang",post,,"Kitchen Set",Batang,kitchen-set-batang
438,"Ruko Semarang",post,,Ruko,Semarang,ruko-semarang
439,"Ruko Bogor",post,,Ruko,Bogor,ruko-bogor
440,"Ruko Purwokerto",post,,Ruko,Purwokerto,ruko-purwokerto
441,"Ruko Pekalongan",post,,Ruko,Pekalongan,ruko-pekalongan
442,"Ruko Batang",post,,Ruko,Batang,ruko-batang
443,"Flat Apartemen Semarang",post,,"Flat Apartemen",Semarang,flat-apartemen-semarang
444,"Flat Apartemen Bogor",post,,"Flat Apartemen",Bogor,flat-apartemen-bogor
445,"Flat Apartemen Purwokerto",post,,"Flat Apartemen",Purwokerto,flat-apartemen-purwokerto
446,"Flat Apartemen Pekalongan",post,,"Flat Apartemen",Pekalongan,flat-apartemen-pekalongan
447,"Flat Apartemen Batang",post,,"Flat Apartemen",Batang,flat-apartemen-batang
448,"Kos-kosan Semarang",post,,Kos-kosan,Semarang,kos-kosan-semarang
449,"Kos-kosan Bogor",post,,Kos-kosan,Bogor,kos-kosan-bogor
450,"Kos-kosan Purwokerto",post,,Kos-kosan,Purwokerto,kos-kosan-purwokerto
451,"Kos-kosan Pekalongan",post,,Kos-kosan,Pekalongan,kos-kosan-pekalongan
452,"Kos-kosan Batang",post,,Kos-kosan,Batang,kos-kosan-batang
453,"Kafe Restoran Semarang",post,,"Kafe Restoran",Semarang,kafe-restoran-semarang
454,"Kafe Restoran Bogor",post,,"Kafe Restoran",Bogor,kafe-restoran-bogor
455,"Kafe Restoran Purwokerto",post,,"Kafe Restoran",Purwokerto,kafe-restoran-purwokerto
456,"Kafe Restoran Pekalongan",post,,"Kafe Restoran",Pekalongan,kafe-restoran-pekalongan
457,"Kafe Restoran Batang",post,,"Kafe Restoran",Batang,kafe-restoran-batang
458,"Furniture Semarang",post,,Furniture,Semarang,furniture-semarang
459,"Furniture Bogor",post,,Furniture,Bogor,furniture-bogor
460,"Furniture Purwokerto",post,,Furniture,Purwokerto,furniture-purwokerto
461,"Furniture Pekalongan",post,,Furniture,Pekalongan,furniture-pekalongan
462,"Furniture Batang",post,,Furniture,Batang,furniture-batang
